2230728513,美酒咖啡♪ 异彩次元交汇的跨圈合作
2096594353,春眠不觉晓，困…困到受不了
763612874,致不愿被束缚的自己
2157706591,EDC CHINA 2018 | 这些电音大神要来中国啦
867309321,浪迹浩渺 「东方VOCAL」
908594231,留白之美♫ 刺激神经的魔怔HOOK
2153089864,来日可期的等待化作最长情的告白
2053096440,传情的爵士•弥漫在港湾
2052512322,『古风』江南雨巷油伞渡
2153498917,2018公告牌全球百大DJ/电音制作人！
2150055953,「民谣盛宴」细数那些值得单曲循环的民谣
2148086011,『绝美鼓乐集｜華枝春滿 天心月圓』
2139118830,节奏带感且深邃性感 ️️这才系Deep House呀
2139491961,【华语】把回忆藏在曾经的歌里
2139305008,岁月如潮水，将我向老歌推
2144281377,我爱你，第一句是假的，第二句也是假的
2139324915,歌词唱透了心声，回忆模糊了眼眸
2139566312,GMM GRAMMY热门泰剧OST了解一下
2140187381,霍金去世！这是他挚爱的荒岛歌单
2128755383,电影经典台词对白｜念念不忘
2131958935,求求你们了，让我睡会儿好不好
2132468088,[White Day]想要传达给你的爱恋！
2129467457,想在阴天里听莫文蔚的电台情歌
2134421380,台湾偶像剧黄金年代|记忆是阵阵花香
2129466456,任贤齐：这里的表演很精彩
2134169961,『鞋子好看』日本自赏——和式盯鞋浪潮
2133607746,「孤独与愁」霓虹雨巷 孑然一身
2120785460,下次理发我要让我的Tony播放这个歌单
2119594443,角色背后的歌声 / 新老声优们的演绎
2120073257,[煦风曦日]摇曳在春光里的款款柔情
2128571926,「新世纪」如沐朝阳的温暖与诗意
2121679666,「不老女声」你 是 窗 前 深 浅 白 月 光
2123418952,伤心回忆寄存馆|今日营业中
2122104724,华语男声丨有些记忆 只有音乐可以唤起
2119050345,年少的梦揉碎在时光里 不经意间泛起泪花
2120271089,【节奏控】那些一听就中毒的电音(纯音乐篇)
2127472941,百部韩剧OST合集，纪念追剧时光
2121558366,【SHE全专辑集】
2120602346,⚡️18年2月新热电音推送
2121878228,华研国际精选
2125962943,〔这！就是街舞〕BGM持续更新3.24
2131186432,清晨的旋律|我与被窝上演一场虐恋大戏
2111401734,「ACG」由衷的青睐，源自真心的美好
2110565919,『1980-至今』日本动画电影/剧场版大盘点
2118036706,「古风」错身遇个你，穷尽诗家笔
2114030515,暖春，寄一首阳光明媚的歌给你
2116641078,「华语男声」你来这走一遭 奇迹般万物生长
2113359151,非主流青春里听过的歌
2115445493,戴上耳机，埋头学习，再加把力，中考等你
2113027226,2月⚡最新电子指南⚡
2108339599,值得循环的一百首日系男友音
2105681544,日系/无前奏：开口即跪 一秒沦陷
2107922801,声光美学 I 经典电影中的古典配乐集
2106034936,Deep House 深邃之韵 性感低频
2102255856,随歌入画｜笔墨浓淡，丹青绘山河「古风」
2117305107,bilibili- ( ゜- ゜)つロ 乾杯~ B站请戳这里~
2100979227,【日系】温柔的声线治愈你的心灵
2118114949,爱情曾来过，最后留下琥珀
2100341581,古风 I 红烛多情化着泪 漫漫长夜摧伊人
2106881647,寒假都快结束了，暑假为什么不接上？
2095806875,日系治愈男声，逐步陷入温柔的世界
2089907261,『無前奏 | 女嗓』开口即跪 心醉神迷.
2099302296,纯音乐｜钢琴与旧书页，会跳舞的黑白键
2099228567,Bedroom-pop丨天马行空的绮梦
2092484970,日系治愈｜请问您今天要来点少女心吗？
2091038787,如果可以，我想和古人谈一场恋爱
2093273437,人声后摇 I 怎奈何琼夜一嗓伶俜
2092474396,「抒情摇滚」过去的时光与黯然的诗
2097548733,放完寒假，还是要继续追逐梦想
2095135687,2018年韩国平昌冬奥会花样滑冰比赛BGM
2129450612,有没有一首歌会让你想起周华健
2097045424,音室Vol.4丨细 数 一 些 旧 时 光
2094937822,2018年平昌冬奥会花样滑冰音乐选曲爆点精选
2088799380,日系温柔女声丨沐浴在歌声中的暖阳下
2084738832,「赶走阴霾」来一首欢快的欧美小调
2092015892,我们在苏打绿的小宇宙里再遇见
2081400147,【妖说】沧海桑田 只待君归
2081133164,古风词作‖他们只是喜欢用歌的方式来讲故事
2083911279,【Kobalt推荐】清晨最温柔的旋律
2087725103,【超级碗2018】贾老板的中场盛事
2082564528,听什么歌都像在唱自己
2088028082,『曲作精选』细数古风圈原创作曲人❷
2075587022,助眠集 | 自然音，伴灵动乐符萦绕耳畔
2086732756,「深度睡眠」音符伴你入梦 愿你一夜好眠
2074273616,想要办一场古风婚礼，许一世天地作嫁
2075961982,告白恋语｜喜欢你，直至生命最后一刻
2074681032,「古风精选」你眼中是江湖 我眼中是你
2086647823,最强大脑第五季BGM
2077299279,『热血街舞团』参演曲目及出场BGM
2088338811,『 孝利家民宿2 』允儿篇
2078747658,『这！就是街舞』最全BGM合集持更
2076551016,那片蔚蓝的天空静止了。
2074505134,我们在寒冷的冬天停止不了摇滚与热吻
2076170419,▶ 2018年欧美流行新歌速递
2076565475,偶像练习生  参赛曲目 ( 3.23 New )
2073678124,和声优谈恋爱什么感觉丨日本男声优撩妹现场
2071490150,百首日系治愈 呼唤你的心灵 呼喊你的名字
2073263803,[萌系/俏皮小调]不期而至的心动❤
2069140707,恋爱系Melody，不知觉已陷入暗恋之心
2065854146,古典清香 I 我的茶馆里住着巴赫与肖邦
2062601053,日系摇滚『东京日和° 一番街的清冽少年』
2069998416,Moombahton：异域风情的Drop最强音
2064112746,那些年我们听错过的歌词「古风版」
2067901040,空灵澄澈｜梦寻空中花园
2061447491,综艺《这！就是街舞》BGM合辑
2061240468,「恬静英文」愿你酣然入梦
2069189356,『Trap』低频轰炸机 令人上瘾的黑暗氛围
2065668633,「提神醒脑」学习工作健身游戏必备
2065515420,综艺《偶像练习生》BGM合辑
2062160307,好莱坞黄金时代｜歌梦盛世
2060642136,長眠這裡吧妳已经沒有活下去的理由.
2055571883,小姐姐搭档电子乐，声控党新潮的标配~
2058497430,只是想安静的 享受那份呼吸的感觉。o・°。
2063413626,流行禁区 • 摄人心魄的性感律动
2066200314,「无前奏」喜欢无需铺垫 一秒便沦陷
2059430694,痛彻心扉地哭，然后刻骨铭心地记住
2063777060,「前奏沦陷」●迷醉在Absolut伏特加中
2057752377,「古风」歌暖如茶，满城花开
2054127850,节奏向|原谅我这一生不羁放纵爱自由
2062522327,2018年冬季新番音乐之旅
2060692794,【Jazz Blues】爵士乐句演绎12小节布鲁斯
2059412026,华语 | 80/90都听过的经典老歌【怀旧篇】
2052793999,（旋律控）|可可布朗尼般甜蜜
2065782856,〖偶像练习生〗丨参赛曲目合辑（持更…）
2048970456,百首日系抒情，总有一首触动你的心
2049903536,日系对唱丨聆听他们绽放在青春的美好
2041615881,『曲作精选』细数古风圈原创作曲人❶
2040074016,「女声控」音色沁人心 旋律美如画
2044527707,降燥八音盒 你要来一杯柠檬薄荷苏打水吗？
2050704516,2018全年抖腿指南，老铁你怕了吗？
2047743292,♪V家歌姬唱英文的时候♪
2047424322,粤语女声 I 故事太多 没人会听你诉说
2042009605,你绝对不应该错过的100首英文歌
2042006896,华语 | 听歌最怕应景，触景最怕生情
2059465574,韩语 | 一听就会中毒的韩文歌
2055505250,「情书予你」江湖太远，我就不去了。
2058721194,恋与制作人｜手游BGM
2049424729,『致前任』我曾经很喜欢你 但也只能到这里
2051312468,「古风」2018古风新歌 恰似故人归 续更
2032514030,神级燃曲 • 百首顶级日漫激昂配乐
2036883936,【节奏控】好听又带感的英文歌(2017总结篇)
2033343411,随想纯音 · 仰望星辰的循环往复
2045201141,温暖思念丨我想在你身旁听你弹那美妙的吉他
2045318432,【欧美励志歌单】打起精神，坚持下去
2031723550,钢琴前奏 • 清新静谧的舒适体验
2046404567,韩综 尹食堂2 【BGM】
2045209369,电音节奏感强烈抖腿电音
2040103828,『古风纯音』无字歌唱的空灵
2036154174,再深的感情也抵挡不住缘分的交错
2042762698,2018欧美最新流行单曲推荐【持续更新】
2042564016,致高三那年苦中的微甜【持续更新ʕ •ᴥ•
2035750230,「轻音」余音绕梁 三日不绝
2055793089,歌手2018·原唱集 （第七期）
2054863538,show me the money|韩国rapper合集
2045230135,五十度系列 — “玛丽苏”神剧巅峰之作
2037209821,这个歌单就是你的补番表
2044664700,总有一些伤心在夜里喧嚣却在白天躲藏
2026957271,纯音乐｜吉他与柠檬茶，午后的阅读时光
2036904480,高考英语听说考试
2023551932,粤语男声 I 我已见过银河 但我只爱一颗星
2035928784,2017下半年百首热门EDM精选
2029428985,华语百首 | 歌词里那些欲言又止的少女心事
2025279629,可爱即正义|愿永不失孩子气
2028571298,幻想风土纪｜Real极致空灵之音
2045475635,2018年一月新番OP＆ED♭莓心莓肺♪
2034539579,♛游戏必用电音♚
2028740919,古风前奏控｜在长前奏中过一把纯音乐的瘾
2035946465,『钢琴』轻柔阅读音乐
2037526684,网络流行歌曲20*£～2018
2035853167,【日音】2017年不容错过的100首日系良曲
2035301834,2018年全年新番歌曲收集库
2027453594,韩国高分电影中的出彩配乐 [原声集]
2038168484,2018 3月26日-3月30日 S厂牌最新发布
2031317439,KTV男生必点歌曲【惊艳】
2031863908,Jusuf小姐姐的视频BGM【欧气调调】
2022186054,『古风戏腔』名花不解语 无情也动人
2030620965,一直循环的吉他歌单
2033560788,风靡全球蒸汽波全集
2027802186,《名侦探柯南》OP/ED（96年至今）
2034075637,Spinnin' Best Of 2017
2032168622,2018广州草莓音乐节
2020574090,[娓娓深情]再会的时刻 紧紧相拥吧
2035883237,ZZC的粤语
2021850914,90%听过的90后歌单
2023282769,「女毒电子」●酒心巧克力般的甜蜜圈套
2023608866,2017 S厂牌''冷热''门全年精选100首⚡
2029258442,2017舞曲年榜Top100 — Spotify评选
2025231351,pop子和pipi美的日常
2017989836,国家宝藏BGM ✺ 第一季已更新完结
2012592880,2017年billboard公告牌电子舞曲年榜
2017687219,Future Bass|清新电子相遇迷幻 慵懒女声.
2015321897,台湾流行音乐简史三·致明日「1985—1989」
2015830102,說 出 來 的 情 話（持续更新）
2011848894,沈以诚，焦迈奇，徐秉龙，刘莱斯，余佳运.
2016394938,一首李宗盛一首杨宗纬
2002941686,年终特辑'2007-2017欧美文艺片原声精选
2009145567,梦回旧景 | 多想回到最初遇见你的时光
2003672301,東方抒情集：永远亭 蓬莱玉枝映辉月
2005885944,梦幻流行 I 纵晨霭所往，长眠雪森
2005048744,华语︱情话是一门失传的艺术
2016808728,萬物淪喪 我在中央【悲情說唱 Emo rap】
2017971009,2017下半年 · 电音鉴赏指南⚡️Top100
2006282871,「抑郁怪物」只適合聽丧歌.
2001198978,CCTV《国家宝藏》| 千年文脉，以正史观
1999585355,慢节奏治愈女声，沉溺温柔不可自拔
2010696400,殊途同归｜世多无情人，却有深情妖「古风」
2000822811,英语四级考试 [词汇 听力]
2002427544,日系思念丨一百首歌 一百次的回忆
2011540226,對 您 見 色 起 意
2005933880,『民谣』若真友情，愿你爱到尽头
2000367772,『 2018优质新歌电音推送 』
2011398190,孤独＆致郁丨心中善良不会改变
2005788133,国创动漫音乐[18/3/24]
2006534072,伱 的 弟 弟 超 酷
2009884421,经典粤语歌单
2002685332,[伤感纯音乐]冰冷的人、冰冷的心，都源于你
1992664557,日式少年音，温柔少年心
1987349387,丧甜恋人的反叛光环
1999213795,床上啪单|实名开车
1985891947,梦幻韵律 ' 独立另类的浩繁乐境
1994370897,百首老歌：再续当年情
1998370375,唯美纯音
1995981564,[抖腿全球电音向]毕生好听的电音都在这里呢
1995894005,舒缓优美的钢琴曲纯音乐 静心安宁阅读
1996644701,老歌越听越经典，旧人越看越无情。
2002372407,『全球最炸』EDM电音核弹 音乐节爆炸盘点
1991596470,【 2017 YouTube收听量最高的欧美歌曲 】
1982066521,华语 | 假如能回到过去，你想做什么
1993142488,©️ 坑室友专用起床闹钟←_←
1983872197,请回答1988 电视剧原声（最全）
991303639,可爱的歌名和一个可爱的你
993980219,听一首粤语老歌，来怀念过去
1980964492,『修仙』 玩游戏/晨跑'必备BGM/耳机福利Δ
1984081268,NBA背景音乐丨合辑
984196486,日语｜无可救药的孤独症患者
981484303,『粤语』 听一首把自己感动的歌
990995991,酷酷的人/应该听/酷酷的歌
971620509,′ 日 语 心 碎 歌 集 º 病 名 為 愛
971186987,韩语 | 数不完的星星，数不完的甜
974763910,「民谣精选」你的名字美如诗
962637148,「纯音乐｜节奏控」一杯提神的薄荷茶。
972706928,沈以诚 焦迈奇 徐秉龙
969882641,S.H.E | 全收录【无重复】
967260925,2017全球百大DJ排行榜
954297462,电音史上最伟大的250首EDM音乐作品
2092474396,「抒情摇滚」过去的时光与黯然的诗
2099228567,Bedroom-pop丨天马行空的绮梦
2107511979,【偶像练习生】参赛曲目‖你pick了谁？
2092484970,日系治愈｜请问您今天要来点少女心吗？
2104156543,『开口脆』适合做铃声的欧美歌曲❤️
2093273437,人声后摇 I 怎奈何琼夜一嗓伶俜
2095135687,2018年韩国平昌冬奥会花样滑冰比赛BGM
2084738832,「赶走阴霾」来一首欢快的欧美小调
2116839355,『文艺片』那些宁静的海与如风往事
2115179822,「黑暗抑郁」孤獨怪物適合的喪歌
2115269867,秒变节奏控：Armada电音推荐
2082564528,听什么歌都像在唱自己
2111629982,《水形物语》电影原声带
2114296240,助眠丨夜灯缱绻 是渴睡者的眼
2097548733,放完寒假，还是要继续追逐梦想
2088799380,日系温柔女声丨沐浴在歌声中的暖阳下
2092015892,我们在苏打绿的小宇宙里再遇见
2115732453,『这！就是街舞』最全最正参赛BGM（持更
2107645413,彩虹六号防守干员手机铃声
2097045424,音室Vol.4丨细 数 一 些 旧 时 光
2086732756,「深度睡眠」音符伴你入梦 愿你一夜好眠
2118728150,思域大哥上街燃曲
2081133164,古风词作‖他们只是喜欢用歌的方式来讲故事
2094937822,2018年平昌冬奥会花样滑冰音乐选曲爆点精选
2112252573,初中必背古诗词，备战中考
2111160789,「月樱低咏」折刀剑之舞 叹咏暗殇调
2075587022,助眠集 | 自然音，伴灵动乐符萦绕耳畔
2110675477,华语说唱里面的“励志”使命
2102236918,撩人系｜一开口便能撩到你的女声~
2083911279,【Kobalt推荐】清晨最温柔的旋律
2081400147,【妖说】沧海桑田 只待君归
2114524594,高等rapper2 ｜Beat合辑（更新中）
2077299279,『热血街舞团』参演曲目及出场BGM
2113963186,【日系】毒系女声与轻快电音的完美结合
2116094255,一禅小和尚背景音乐
2105474477,伤感到令人潸然泪下的纯音乐
2118071272,火影忍者【完整版】（包含剧场版）ED整理
2101421559,「 民谣 」 耳边轻弦，心中绿洲
2114596021,偶像练习生——小鬼专属歌单
2109339318,想和这些唱情歌的小哥哥谈场恋爱呀
2111924609,温暖与悠然 | 当吉他邂逅男声
2074273616,想要办一场古风婚礼，许一世天地作嫁
2078747658,『这！就是街舞』最全BGM合集持更
2115574210,┆欧美小众┆新燕采泥归 冬去春来时
2103198908,「帘涌香颂」得未曾有 满心温柔
2074681032,「古风精选」你眼中是江湖 我眼中是你
2090838082,康纳麦格雷戈专属BGM
2114145149,「迷醺韵嗓」如星海森月的电子特声
2109111010,Break free ，Finally clean丨找回自己
2088028082,『曲作精选』细数古风圈原创作曲人❷
2094091970,慵懒R&B 听不厌的舒服
2087725103,【超级碗2018】贾老板的中场盛事
2101179574,适合开车时候听的欧美歌曲
2112704861,加油吧威基基 OST
2117069049,不只和煦的风，还有温柔的你
2091484707,听说把糖放在枕头底下会做一个甜甜的梦
2114488591,●大声哭泣后微光却温暖的星●
2075961982,告白恋语｜喜欢你，直至生命最后一刻
2092321859,华语歌里的宇宙丨我们飞向太空
2076170419,▶ 2018年欧美流行新歌速递
2108458442,静心纯音集♪孤独平静中孕育着坚强♫
2109726190,一秒就会中毒的韩语歌单~
2108689809,央视《经典咏流传》歌曲|持续更新～
2112948508,东京啃（喰）种
2101116251,纯音丨世事漫随流水 算来一梦浮生
2106297594,2018东方华灯宴bgm集
2088338811,『 孝利家民宿2 』允儿篇
2086647823,最强大脑第五季BGM
2106081217,『各种丧歌』前方高能，请先看简介
2074505134,我们在寒冷的冬天停止不了摇滚与热吻
2076551016,那片蔚蓝的天空静止了。
2115040718,独孤天下：胸有丘壑，眼存山河
2114347499,Lemon-米津玄师-翻唱翻奏全收录
2115936634,前奏响起就开始陷入回忆杀的火影经典OP/ED
2113456625,Nothing
2110812263,〖泮林革音〗窥见心中的精神长相
2088358594,多热烈的白羊，热烈的抽象。
2098923749,如果思念有声音，该是我心跳的回响
2099306377,林俊杰圣所世界巡回演唱会歌单
2105937457,CCTV《经典咏流传》｜千年诗词，古今传唱
2101383533,【孝利家民宿2】第二季尚顺歌单大合集
2089468958,如何优雅地说我喜欢你？
2111059049,自然音律│盛夏林海中的绵言之韵
2098557353,“我想一个人静一静”
2093908269,「我爱你」是需要鼓起勇气才说得出口啊
2090147245,古风女声| 吟一曲万水千山，醉叹锦绣年华
2112285301,他做火了多少中文土嗨?
2096009367,“从来都是爱而不得的歌写得意味深长。”
2076565475,偶像练习生  参赛曲目 ( 3.23 New )
2081768956,那些为电音画龙点睛的惊艳女Vocals
2108207251,「古典」入世未深 | 童心未泯
2102298273,“呆妹儿小霸王”吃鸡搞笑BGM
2109096608,三亚ISY电音节‖出场大牌DJ阵容
2103976506,【柚子】羽生结弦花滑曲目精选
2112510358,「感情冲剂」“吃”情必备人声独白
2118479594,韩丨寒冬里手牵手 一步步走向春天
2089657836,「谧林挽语」蝉噪林静 鸟鸣山幽
2089973964,【蔡徐坤】偶像练习生♡星动亚洲
2092313707,「纯音」愿你所往，如你所想
2085138831,电影中的提琴曲｜故事最长情
2097947168,玫瑰全都给你 可不可以把你给我？
2095731702,日系电音丨随着歌声 让昏睡的神经清醒起来
2097238383,「B站bilibili」哔哩哔哩2018拜年祭曲目
2086961288,「日式森系」栀子花年少她
2094703454,想与你意识游离宇宙
2103449691,2018哔哩哔哩拜年祭
2109139251,高等rapper2 『BGM & 导师预热 』
2117874710,咯了个北啊
2105614035,[逆光暖伤]见不到 忘不掉
2102574166,每个人心里都住着一个小恶魔°
2086728689,古风良缘｜愿得一人心 白首不辞卿
2092033430,泫雅：性感霸气的百变女王
2097007271,谁的青春不迷茫，其实我们都一样
2089001450,哔哩哔哩|曾经血洗B站的神曲集锦√
2084727577,你并不孤独 这世界上总有人偷偷爱着你
2082876957,感觉好丧啊，但这能怪我吗？
2091221302,银河系搭便车音乐指南
2092053352,张靓颖：你是我一首唱不完的歌
2093041365,神秘组织
2101018521,漫威电影配乐推荐
2087693299,爸爸的乖女儿[晚上不要偷偷听哦]
2095059435,Neon Night  | 午夜电气 Vol.2
2081532000,在清晨午后，适合读书背景音乐|great.
2115518375,情思如诗画|你站在桥上看风景
2098623867,女嗓篇 |不可以这么俏皮清新  我会喜欢你的
2106228430,诸事不顺 Everything Sucks! | bgm收录
2103281187,质感女声|拾起那些散落的美好
2073678124,和声优谈恋爱什么感觉丨日本男声优撩妹现场
2069140707,恋爱系Melody，不知觉已陷入暗恋之心
2092339988,泰语︱给你一段真实，将柔情藏于心底
2081803308,种种美好都与你有关
2075642590,Healing Time·一首歌描绘了一场梦
2083792907,沉 沦 陷 阱｜黑 暗 王 国
2090766876,GAI是英雄
2092042403,午夜里听张碧晨，下一秒等早晨
2071490150,百首日系治愈 呼唤你的心灵 呼喊你的名字
2101422777,「日系/情歌」用歌声唱出对你的思念
2104139417,2017年最爱
2101338286,FALL OUT BOY 2018 巡演歌单
2065854146,古典清香 I 我的茶馆里住着巴赫与肖邦
2085840876,30首失恋必听英文歌
2080022187,R&B｜交织于慵懒声线中的撩人节奏
2085137265,【锦上添花】流行音乐加段Rap
2069189356,『Trap』低频轰炸机 令人上瘾的黑暗氛围
2085318285,电影《马戏之王》原声大碟
2065515420,综艺《偶像练习生》BGM合辑
2069998416,Moombahton：异域风情的Drop最强音
2075888013,你喜欢一个人时，全世界都是一封情书
2090341334,城市孤独|每一个行路人，心里都藏着星空
2073263803,[萌系/俏皮小调]不期而至的心动❤
2062601053,日系摇滚『东京日和° 一番街的清冽少年』
2061447491,综艺《这！就是街舞》BGM合辑
2064112746,那些年我们听错过的歌词「古风版」
2107707437,经典咏流传
2077697825,你不知道一个一见你就笑的人有多喜欢你
2061240468,「恬静英文」愿你酣然入梦
2114920371,Netflix真人秀-Queer Eye粉雄救兵 精选音乐
2058497430,只是想安静的 享受那份呼吸的感觉。o・°。
2066200314,「无前奏」喜欢无需铺垫 一秒便沦陷
2074124472,说 唱 中 的 江 湖 侠 客
2065668633,「提神醒脑」学习工作健身游戏必备
2091377685,【Psytrance】手握尖叫鸡，脚踩缝纫机！
2090181257,法扎的完整观看顺序 （摇滚莫扎特）
2083201699,格莱美收割机: 火星哥Bruno Mars热单合集
2059430694,痛彻心扉地哭，然后刻骨铭心地记住
2067901040,空灵澄澈｜梦寻空中花园
2075550612,自然音 | 雨、海、江河，静谧水之旅
2085918811,日系Ω 在惊艳前奏中漂浮沉沦
2087840134,甜美纯音:奶茶与苹果派共舞的甜点店
2088529319,八组 土味歌曲合集
2077894998,戏曲＆嘻哈丨中西文化的结合与碰撞
2092257081,怪物猎人 怪物专属bgm全收录
2070299050,偶像练习生_歌单合辑|练习生版最新合辑
2059412026,华语 | 80/90都听过的经典老歌【怀旧篇】
2060642136,長眠這裡吧妳已经沒有活下去的理由.
2102061732,2018情人节安雷手书集--骑士盗宣言bgm
2063413626,流行禁区 • 摄人心魄的性感律动
2048970456,百首日系抒情，总有一首触动你的心
2063777060,「前奏沦陷」●迷醉在Absolut伏特加中
2055571883,小姐姐搭档电子乐，声控党新潮的标配~
2042006896,华语 | 听歌最怕应景，触景最怕生情
2050704516,2018全年抖腿指南，老铁你怕了吗？
2091492918,【游戏】Beat Racer电音超跑（最全）
2093450772,「柔美唱腔」时光不敌粉嫩少女心
2091233132,『日系|女声|ACG』Aqours-思念合而为一吧
2091255305,耳熟却不知名字的电影配乐
2092074003,姜育恒：经典之声，岁月永恒
2096345318,除了恋人，音乐也能治愈你
2057752377,「古风」歌暖如茶，满城花开
2041615881,『曲作精选』细数古风圈原创作曲人❶
2052793999,（旋律控）|可可布朗尼般甜蜜
2054127850,节奏向|原谅我这一生不羁放纵爱自由
2040074016,「女声控」音色沁人心 旋律美如画
2060692794,【Jazz Blues】爵士乐句演绎12小节布鲁斯
2062160307,好莱坞黄金时代｜歌梦盛世
2089022744,(搞笑) 搞笑的BGM
2089005240,旅行的歌
2074772847,韩剧OST丨温山软水不抵你唇畔温柔
2045209369,电音节奏感强烈抖腿电音
2049903536,日系对唱丨聆听他们绽放在青春的美好
2062522327,2018年冬季新番音乐之旅
2036883936,【节奏控】好听又带感的英文歌(2017总结篇)
2098725617,恋人的味道，当然是甜的发腻了啊？
2092865601,D i s s & D i s s b a c k
2047424322,粤语女声 I 故事太多 没人会听你诉说
2078199866,后摇情绪丨寂寞哑言的孤独患者
2065782856,〖偶像练习生〗丨参赛曲目合辑（持更…）
2045318432,【欧美励志歌单】打起精神，坚持下去
2079814745,怪物猎人世界OST补全
2044527707,降燥八音盒 你要来一杯柠檬薄荷苏打水吗？
2059465574,韩语 | 一听就会中毒的韩文歌
2042009605,你绝对不应该错过的100首英文歌
2049424729,『致前任』我曾经很喜欢你 但也只能到这里
2032514030,神级燃曲 • 百首顶级日漫激昂配乐
2100735477,钱正昊弟弟翻唱过的歌
2070628027,国家宝藏-原声带
2084234210,(日语) 萌萌哒日语歌曲
2086248874,韩剧:电台罗曼史 radio romance OST&BGM
2087262564,谈判官 影视原声
2051312468,「古风」2018古风新歌 恰似故人归 续更
2074003626,雨声（amsr睡眠用）
2040103828,『古风纯音』无字歌唱的空灵
2070331664,国人的纯音已经到了什么地步
2033343411,随想纯音 · 仰望星辰的循环往复
2070073302,「偶像练习生」参赛曲目合辑 (更至3.23)
2058721194,恋与制作人｜手游BGM
2047743292,♪V家歌姬唱英文的时候♪
2055854229,2017至2018最火的歌
2074238066,『欧美男女双声道』左耳怀孕，右耳已炸裂！
2055505250,「情书予你」江湖太远，我就不去了。
2093713828,『二月电音精选⭐️』君莫笑我抖脚太疯癫！
2090859144,华语说唱里面的“亲情”元素
2036154174,再深的感情也抵挡不住缘分的交错
2035928784,2017下半年百首热门EDM精选
2111660796,和平饭店插曲（部分）－敬黑暗中的行走
2114585784,高等Rapper2 ♡
2112232912,来自ZJ伴奏的歌曲展示（选集）
2042762698,2018欧美最新流行单曲推荐【持续更新】
2031723550,钢琴前奏 • 清新静谧的舒适体验
2077651233,紫罗兰纪元｜西洋蔷薇的浪漫华尔兹
2037209821,这个歌单就是你的补番表
2042564016,致高三那年苦中的微甜【持续更新ʕ •ᴥ•
2054863538,show me the money|韩国rapper合集
2055793089,歌手2018·原唱集 （第七期）
2035946465,『钢琴』轻柔阅读音乐
2034539579,♛游戏必用电音♚
2053096440,传情的爵士•弥漫在港湾
2077210552,【国风余韵】金戈铁马踏山河
2074302083,且听风吟|静观世态万千 风雨 欲满楼
2069749302,写作业累了，要不来一段Freestyle ？
2071727138,助眠音乐计划 | 赠予失眠者的造梦空间
2052760419,妈妈，他的糖里有毒
2086042735,极乐心理 · 击败伴你左右的假想鬼怪
2046404567,韩综 尹食堂2 【BGM】
2023551932,粤语男声 I 我已见过银河 但我只爱一颗星
2044664700,总有一些伤心在夜里喧嚣却在白天躲藏
2029428985,华语百首 | 歌词里那些欲言又止的少女心事
2037526684,网络流行歌曲20*£～2018
2079735101,碧蓝航线BGM【日服联动】
2055724092,你说你很累，可谁又活得顺风顺水
2022186054,『古风戏腔』名花不解语 无情也动人
2045230135,五十度系列 — “玛丽苏”神剧巅峰之作
2038168484,2018 3月26日-3月30日 S厂牌最新发布
2068672770,每首都能单曲循环的国语 睡眠歌单
2043564258,歌手2018 （更新至第十一期）详细看信息栏
2026957271,纯音乐｜吉他与柠檬茶，午后的阅读时光
2066593601,哼一曲歌谣，送别年少的你
2032168622,2018广州草莓音乐节
2064322480,你的世界我曾来过 纵使风过无痕
2053269963,you broke my heart!
2040391999,穿越到90年代迪斯科舞厅（暴露年龄系列）
2045201141,温暖思念丨我想在你身旁听你弹那美妙的吉他
2036904480,高考英语听说考试
2094561164,戴佩妮：就是这样的的女生
2094530520,那些年弦子带给我们的小美好
2092036367,跟着光良回忆童话里的往事
2035750230,「轻音」余音绕梁 三日不绝
2075224527,日系｜好久不见，如今你是谁的孤独患者？
2077256558,【恋与制作人】白起经典台词
2080057825,治愈系丨赐你一剂精神良药，放松自我
2080117078,韩剧《Radio Romance》OST&BGM
2083599370,「致初恋」还记得你第一次表白的那个人吗
2025279629,可爱即正义|愿永不失孩子气
2031317439,KTV男生必点歌曲【惊艳】
2035853167,【日音】2017年不容错过的100首日系良曲
2069080336,「节奏甜食」次点甜醹发酵的牛奶草莓
2035301834,2018年全年新番歌曲收集库
2069480812,【天赋异禀】BGM搜查
2039098272,2017年度最受欢迎个性推荐歌曲
2021850914,90%听过的90后歌单
2042383725,「日系」燃向丧丨我无法理解的世界
2061103315,百年孤独丨每个人都是一颗孤星
2045750454,分手后再次与前任相见你会怎么办？
2039073542,2017年度最热新歌TOP100
2065483036,Future House：撩人心魄的律动节奏
2031863908,Jusuf小姐姐的视频BGM【欧气调调】
2075426362,朱正廷 偶像练习生
2033560788,风靡全球蒸汽波全集
2049139112,『催眠神曲』亲试有效听片刻即困。
2039081586,2017年度热议单曲TOP100
2027802186,《名侦探柯南》OP/ED（96年至今）
2045475635,2018年一月新番OP＆ED♭莓心莓肺♪
2028740919,古风前奏控｜在长前奏中过一把纯音乐的瘾
2061171995,骚气萨克斯，尽量别扭！
2108267888,这些年来……值得收听的番剧曲_更新ing°
2101808357,2018平昌冬奥会花样滑冰选曲(双人滑)
2055039835,民谣‖我有多爱你，时光它知道
2028571298,幻想风土纪｜Real极致空灵之音
2073101707,lo-fi hiphop｜繁华都市与孤独旅人
2030620965,一直循环的吉他歌单
2072961935,韩语| 一把吉他 ＋ 一段声音 = 超好听
2073067277,华语男声‖些许温柔,些许沧桑
2034075637,Spinnin' Best Of 2017
2027453594,韩国高分电影中的出彩配乐 [原声集]
2061081966,下次你路过，人间已无我
2056197287,2017年Billboard榜前五十最佳说唱歌曲
2041168120,2017年最受欢迎欧美流行单曲
2056644233,暖阳微醺◎来碗甜度100%的糖水吧
2023608866,2017 S厂牌''冷热''门全年精选100首⚡
2020574090,[娓娓深情]再会的时刻 紧紧相拥吧
2050621026,世界仍有新事，你我再没故事
2035883237,ZZC的粤语
2055435222,【Pr】自认为很好的剪辑时的音乐/音效
2043525032,玩人类一败涂地BGM
2079215347,适合冬天听的声音，温暖你一整个季节
2023282769,「女毒电子」●酒心巧克力般的甜蜜圈套
2029258442,2017舞曲年榜Top100 — Spotify评选
2052758156,愿有人待你如初疼你入骨，深情永不辜负
2032593942,你的健身跑步电音【瞬间喷涌的浩室运动向】
2034424644,X特遣队哈莉BGM
2031769374,吃鸡必备BGM 主播专用
2017989836,国家宝藏BGM ✺ 第一季已更新完结
2064532227,韩‖你已经很努力了 累了就休息一下吧
2057638961,好听哭！王菲经典影视插曲
2020864493,人这一辈子，最怕突然听懂了一首歌。
2059601250,Unnatural 日剧  2018
2063181909,暖阳春草//想把你的喃喃细语都收集到耳旁
2032917187,朱伟的恋练有词歌单2019
2025231351,pop子和pipi美的日常
2057665506,2018全英音乐奖BRITs完整提名名单
2032706580,复习累了！听完忍不住伸个懒腰の温柔系
2030826683,「夜店咖」挑动你的舞感神经
2059415016,精选邓丽君好听的歌【怀旧篇】
2049434859,比被窝更暖的是？你告白的可爱模样
2066553945,让你一秒充满正能量的提神歌单
2031595851,华语||我不怕等待，我怕你不来
2059704065,Jazz hiphop｜猫系女嗓与微醺的慵懒
2071118614,【超燃电音】游戏必备曲目
2043316188,重度失眠||轻音乐睡眠曲
2029494007,特色女嗓 · 爆破型鬼才声线集
2097172116,「V A P E R W A V E」：幻 想 蒸 気 浪 潮
2097750823,来之不易
2045803772,那些年单纯的小美好
2039757521,【2018拜年祭】即将完工
2054139109,肥曈小姐姐安利的英文歌
2056678212,[世界著名｜十大钢琴协奏曲]
2040426509,『会讲故事的歌词｜像看了部怀旧电影』
2068935973,诗和故事：我弹一曲思念，你唱远方故乡
2048302032,【歌手2018】原曲合集
2024618853,New Beat Awards 2017年98首热歌倒数！
2053831689,韩剧《孤独又灿烂的神：鬼怪》 쓸쓸하고 찬
2042226113,【恋与制作人】未见鹿，未见鲸，亦未见你
2062359439,「静心纯音」独自享受这份孤独
2059857471,『ACG&纯音』萦绕夕景与夜海的梦境之中
2049723944,再见前任 | 逼不得已我们忽而间说散就散
2049160680,日系女毒纯享|一声入魂，天籁之花惊艳绽放
2053579885,恋与制作人游戏原声(包括同人歌曲)
2059477614,大提琴丨Jacqueline du Pré
2021488376,地下酒吧｜爵士与调酒师的香醇情调
2020493495,你所耳熟能详的搞事情歌单【魔性循环】
2060088237,韩剧《花游记》화유기歌曲集合
2047797620,「古风」隐于市集，亦能寻得浮生半日闲
2036127284,全球最年轻的DJ丨青春是永不停息的电流
2031299874,年少的欢喜，抵不住时光的冲洗
2033796257,『轻电子•舒心辑』暖 色 尘 世
2038254681,日系治愈女声，予你一片似水柔情
2032139172,比酒驾更危险的是电驾
2056685456,土木三班陈同学
2046480726,「魔性BGM」我亲手毁了我的日推系列
2074028103,幸存的威风堂堂和虎视眈眈
2071369403,别丧了，送你一首快乐的小甜歌^O^
2060364941,小红莓主唱离世 | 愿歌声永存心中
2052012599,宝宝催眠曲大全_婴儿催眠大师 baby摇篮曲
2058358923,心灵Spa | 置身森林与大海之间
2053765101,BODYPUMP105 莱美杠铃操 2018·01 BP105
2021414710,日系/励志：朝着自己坚信的未来前行吧
2047662261,『风神录 ~ 灵山之上神风起』
2018078090,情 绪 绝 缘 体 ≈ 0% Emotions
2061500498,【旋律控】好听的英文歌一次就够了
2042103944,离殇丨执手相看泪眼，轻轻与你吻别
2020989981,『小众粤语』 爱过痛过避免不了难过
2056982670,『动漫原声』安静的街道，平静的心
2030865926,【日系】止不住的爱恋
2039926888,韩国奇幻电子，迷醉大脑的律动
2029605756,韩语 | 虐到极致才称得上是爱情吗
2018991447,2017年100首最火最好听的歌曲
2031394409,致郁暗潮／人间即地狱
2068311034,紫罗兰永恒花园全收集OPEDBGM原声＋同人
2038608195,『和风物哀』花柳街 歌舞伎 江户浮世绘
2037362527,恋与制作人白起李泽言许墨周棋洛专用
2036731016,15首感人至深的电音作品
2046945278,轻音乐 · 犹如落霞之时的梦境
2033603133,『高考必背高中古诗文14篇√』
2070797488,Armin van Buuren Top 100
2027940003,恋与制作人、羁绊早已写好，只等与你相遇♡
2059192463,【古风】最值得珍藏的歌单
2049008789,[私藏] 稀有极品节奏 Vol.42
2037239103,《楚留香》游戏音乐专辑
2032756825,【游戏原声】碧蓝航线全收录
2052518648,轻快与摇摆 | 唤醒耳朵的雷鬼乐
2059475723,电影《无问西东》配乐甄选集
2053704951,BODYJAM 84 莱美2018·01 有氧舞蹈BJ84
2025698440,『华语』 长路漫漫，牵着我的手不要放开
2041025256,那些单曲循环久听不腻的钢琴曲纯音乐
2044602901,「再见前任」愿有故事的人被温柔相待
2044124487,民谣‖按自己的方式，努力生活
2049711721,民谣中的愁与惘，终归是梦一场！
2023759522,CDCvsCSC 17年末beef大战
2058633078,韩 ` 简 单 干 净，小众音乐的纯粹味道
2026869175,韩剧《花游记》OST&BGM合辑
2064402275,世界杯主题曲(1986-2018)
2021224621,「一字歌名·古风」字不在多，动情即可
2045636804,颅内造反 | 让我们用一场朋克唤醒自己
2042702701,金木研「unravel」各版本翻唱含原唱
2047356770,【官方】馒头音乐不正经（每期更新）
2033470606,戏子｜浮生皆入戏中，红尘一梦如风「古风」
2027700851,『日系』这封信寄给不会陪伴我的你
2020999222,［温暖励志の日文歌］今天阳光也很好呢!
2024556741,高效率学习歌单（轻音乐）
2055761925,俄语＆电子 ／ 撩人心魂的温柔霸气
2052852598,恋与制作人和奇迹暖暖bgm
2071794974,古典传奇拿索斯精选- 我听见的都是爱
2035550479,橙光《我不甜，我怂》BGM
2049881456,2018冬季日剧主题曲
2049719967,[韩语]那些独特优质的韩式非主打②
2020033569,【贾斯汀比伯】百听不厌，魔性神曲
2065748131,电影《奇迹男孩》原声带
2041380592,Pop Danthology 2012 全首集合
2022311666,在你之后来过的每个人，我都不敢报太多期望
2049968979,歌手2018||第二季节目歌单合辑
2059014769,丧 丧 丧 丧 丧 丧 丧 丧 丧 丧 丧 丧 丧
2053195842,泰勒斯威夫特那些不要钱的歌
2027151105,［纯粹听觉系］心有创伤，名为孤独
2072746062,魔道祖师 | “道长~洋洋想吃糖”
2072796628,Electronic rock ★ 感受瑞典风情电子摇滚
2055090100,[电子] 意大利语也可以主流潮
2044976667,2018星巴克新春档期背景音乐
2057945470,橙光游戏《饕餮盛宴》歌单
2053866036,「冷门佳曲」意识脱离身躯流浪
2011848894,沈以诚，焦迈奇，徐秉龙，刘莱斯，余佳运.
2012592880,2017年billboard公告牌电子舞曲年榜
2015830102,說 出 來 的 情 話（持续更新）
2016394938,一首李宗盛一首杨宗纬
2006282871,「抑郁怪物」只適合聽丧歌.
2009145567,梦回旧景 | 多想回到最初遇见你的时光
2017687219,Future Bass|清新电子相遇迷幻 慵懒女声.
2005885944,梦幻流行 I 纵晨霭所往，长眠雪森
2002941686,年终特辑'2007-2017欧美文艺片原声精选
2005048744,华语︱情话是一门失传的艺术
2016808728,萬物淪喪 我在中央【悲情說唱 Emo rap】
1994370897,百首老歌：再续当年情
2015397679,适合努力学习英语时听的歌曲
2001198978,CCTV《国家宝藏》| 千年文脉，以正史观
2005933880,『民谣』若真友情，愿你爱到尽头
2003672301,東方抒情集：永远亭 蓬莱玉枝映辉月
2017971009,2017下半年 · 电音鉴赏指南⚡️Top100
2005788133,国创动漫音乐[18/3/24]
1991596470,【 2017 YouTube收听量最高的欧美歌曲 】
1985891947,梦幻韵律 ' 独立另类的浩繁乐境
2011540226,對 您 見 色 起 意
1999213795,床上啪单|实名开车
1999585355,慢节奏治愈女声，沉溺温柔不可自拔
2010696400,殊途同归｜世多无情人，却有深情妖「古风」
2002427544,日系思念丨一百首歌 一百次的回忆
2002685332,[伤感纯音乐]冰冷的人、冰冷的心，都源于你
2006534072,伱 的 弟 弟 超 酷
2009884421,经典粤语歌单
2000367772,『 2018优质新歌电音推送 』
2000822811,英语四级考试 [词汇 听力]
2008935342,无前奏丨女声丨欧美丨三秒爱上
1992664557,日式少年音，温柔少年心
1987349387,丧甜恋人的反叛光环
1995981564,[抖腿全球电音向]毕生好听的电音都在这里呢
2011398190,孤独＆致郁丨心中善良不会改变
1996644701,老歌越听越经典，旧人越看越无情。
1995894005,舒缓优美的钢琴曲纯音乐 静心安宁阅读
1998370375,唯美纯音
1982066521,华语 | 假如能回到过去，你想做什么
2016092309,假如钢琴知道思念的滋味
2015002928,『日系/励志』从失落绝望中站起来，寻自我
1983872197,请回答1988 电视剧原声（最全）
2015408138,爱情不卑微不施舍，别以为你是谁
2008272804,『148面的华晨宇，总有一面适合你』
1993142488,©️ 坑室友专用起床闹钟←_←
2003872598,粤语 | 那些令人彻骨生寒的绝笔情歌
2011369036,欧美风 | 电子音乐与空灵女声的化学反应
2005170767,【节奏控】一听就上瘾的惊艳女声②
2017609344,富士山下钟无艳，耿耿于怀罗生门
991303639,可爱的歌名和一个可爱的你
993980219,听一首粤语老歌，来怀念过去
2012244408,华语丨让Hiphop在你内心深处开一枪
2016334463,年度盘点 | 2017优质电影原声精选
1980964492,『修仙』 玩游戏/晨跑'必备BGM/耳机福利Δ
2006137660,找不到的爱情别找了，该来的总会来的
2015911166,前桌的你，是我曾去学校听课唯一的理由
981484303,『粤语』 听一首把自己感动的歌
2002199718,是时候吸一口丧丧的仙气了
984196486,日语｜无可救药的孤独症患者
2012930778,「日系」森林低语 少女独舞
1984081268,NBA背景音乐丨合辑
990995991,酷酷的人/应该听/酷酷的歌
2014038407,『耽美古风』天官赐福·B站相关BGM小说衍生
2017449331,钢琴与爵士的完美邂逅
2014588273,恋与制作人BGM
2007204839,年少不听张学友，听懂已是伤心人
2014791794,精选古装电视剧原声带
971620509,′ 日 语 心 碎 歌 集 º 病 名 為 愛
2008849551,睡眠歌单,失眠请任选一首循环播放。
2009497981,李荣浩（全）
1986135957,不怕流氓有文化 就怕rapper说情话
1995933249,嘻哈诗人Jony J
2002498403,小调｜细数那些可爱的古风小曲儿
1982383224,刷（抄）作业超燃英文【刷题BGM】
2006243781,韩语|男女对唱小情歌 忍不住想恋爱呀
974763910,「民谣精选」你的名字美如诗
1997189512,北欧民谣 | 赐你一剂澄净安逸的心灵圣药
972706928,沈以诚 焦迈奇 徐秉龙
2007980572,Taylor Swift | 霉霉免费套餐
2013184588,「古风」那些跨越时空的合作
2003656308,CCTV国家宝藏BGM持续更新
1991893513,我恰好途经你的盛放
971186987,韩语 | 数不完的星星，数不完的甜
2017028853,记忆力强化向（纯α波）
967260925,2017全球百大DJ排行榜
1988384834,『绝地求生』如何在素质广场镇住所有人
1985984465,纯情太子妖艳妃‖天官赐福
1990086942,买辣椒也用券的热门单曲
2004326663,电影丨《黑豹/Black Panther》OST合集
998121738,日系丨高音炸裂！音量已无法降低
969882641,S.H.E | 全收录【无重复】
962637148,「纯音乐｜节奏控」一杯提神的薄荷茶。
2000189542,诡异风｜绯色月下，爱丽丝的舞踏会
1997004795,一人之下—阿威十八式_全活不打折—宝儿姐
1988294285,【pa♡啪啪】的时候适合的tiao情慢旋律
2008860991,音乐世界Cytus2收录曲目
1990154038,洞箫精选｜一曲洞箫吹向月，夜深惊起海中乌
954297462,电音史上最伟大的250首EDM音乐作品
1988700487,未来有你 · 初音未来2017上海演唱会
996958653,一听就会中毒的中文说唱
994096872,有些歌一听就是一辈子【最爱金曲榜】
996670184,天气冷要听萌萌的歌
995601283,【 你需要一曲战歌唤醒沉睡的英雄梦 】
996337999,绝地求生（嘲讽 搞笑）
1993103935,那些你搜不到高人气的歌曲
975470521,『铃声』超适合做手机铃声的无前奏英文歌
1978865200,Space蹦迪电音学院
941306349,「华语」哭泣使人乞讨，思念使人奔跑
1983325602,吃鸡开局必放冲锋号
991040029,日本纯音【安静~伤感~感动】
988701435,你（逗比）出场时的BGM
986184445,世界上最好听的钢琴曲
961246075,终于听懂每首情歌，却再也没有可以联系的人
952169293,无事献殷勤，非……非常喜欢你
965365245,香草布丁●今天份的少女心已到账，请签收
951310788,『猶 深 宵℡』 夜 闌 是 肉 體 的 賞 味 期
948109539,霸气的德语也有温柔的一面
967443661,少女终末旅行 原声
2090943922,大群/军团 第二季 Legion *1～2季*
2143120909,红 丝 绒 音 乐 盒
2079526875,华语音乐
2149592803,来自幽灵的古风歌单
2157802170,16 Post-Rock Masterpieces
2151705532,说唱伴奏
2154077128,ULTRA2018|二十年
2157885044,/Ultra Miami 2018/⤶
2149461930,村民必听曲目
2154713265,2018Ultra Miami现场歌单 20周年 全阵容
2154784471,陈鸿宇，刘昊霖，林宥嘉，郭顶，Hush.
2152989305,首届《Billboard Dance 100》排行榜
2154785676,张悬，陈粒，谢知非，花粥，房东的猫，阿敬
2150445635,【压箱底】Galgame良曲推荐（自选）
2152611379,首届Billboard Dance 100榜单公布
2151684623,03.23 ✘ 欧美热浪新歌 ‖ 周更向
2153573526,ATELIER || 李宰镇画室歌单
2151839613,2018爱恋珠宝店铺音乐第二季
2139799813,央视《经典永流传》歌曲合集
2152871065,记得少年那首歌——刘芮麟の歌单
2153794907,我不想在时间的尽头等你 我还要去鬼混
2155267995,迈阿密电音节UMF 2018 | DJ Snake
2154060243,Marshmello-UMF Miami 2018
2155211904,迈阿密电音节UMF 2018 | Hardwell
2151617879,坂本真綾 All Clear 香港演唱会 20180324
2149233609,梁紫晨的歌单
2154026676,DJ Snake-UMF Miami 2018
2152859719,2018年Billboard Dance榜单上前100
2156469254,迈阿密电音节UMF 2018 | Marshmello
2149182234,红石榴汽水
2151314150,《说唱免费伴奏 Free Beats持续更新》
2141530403,【华语流行No.100】，经典传唱（男声）
2148142759,游戏运动专用BGM瞬间五杀
2138776729,梅艳芳（全）
2150068623,KTV劲歌金曲
2139022760,刘德华（全）
2157791536,「古风」盗墓笔记 | 一声稻米 一生稻米
2156117033,Marshmello UMF Miami 2018 歌单
2157630875,Swedish House Mafia UMF Miami 2018 歌单
2131785962,【女声控】当电音毒药邂逅完美女声
2148988453,十年前，你买了哪张唱片？
2141543717,【华语流行No.100】，经典传唱（女声）
2154043526,Alan Walker-UMF Miami 2018
2155311809,迈阿密电音节UMF 2018 | Tiesto
2154230959,Hardwell UMF Miami 2018 歌单
2154075024,Tiësto-UMF Miami 2018
2154052265,Armin van Buuren-UMF Miami 2018
2153301415,新歌单 3D 5D电子音乐
2154009845,Steve Aoki-UMF Miami 2018
2154053223,Hardwell-UMF Miami 2018
2155636455,韩剧 Live Bgm&插曲
2148910332,诗凡黎店铺4月音乐
2155909554,如果有一台时光机，你想去往哪一年
2153932908,「古风」唱出来的古诗词，别有一番韵味
2152341573,最强【Dubstep】栏杆质量不好的勿进！
2155167971,迈阿密电音节UMF 2018 | Steve Aoki
2157649643,Tiësto - Ultra Miami 2018
2153974925,烤面筋合集
2151461133,LANY Shanghai 暖场
2152588399,Jawn Ha何展成（Kinjaz）
2147537964,编曲者给音乐划上浓墨重彩的一笔＇原创古风
2127540345,大学英语专业四级词汇（淘金专四）
2146111962,『热血街舞团』最全BGM合辑
2133963969,迈克尔杰克逊的全曲（好不容易找到的）
2154266528,DJ Snake UMF Miami 2018 歌单
2152943115,「起风了」版本合集
2155258328,【起风了】合集 这世界如此之大感谢遇见你
2151631348,HIStory2 | BGM 越界/是非原声带
2151788364,给你宇宙EP.01 BGM 感性充电音乐旅行
2151649725,适合当手机铃声的印度歌曲（不定时更新）
2133565922,台湾两百佳专辑 | 1975—2005 |
2146103926,【Progressive House】渐进旋律
2144738043,【Future Bass】迷幻低音
2146870700,「热血街舞团」 BGM大合集
2131098423,UrbanDance 编舞官方精选
2148754125,韩剧《LIVE》插曲OST&BGM歌曲合集
2121214964,英语口语模仿与练习
2145267670,林俊杰圣所世界巡回演唱会完整版歌单
2155227031,那些好听的粤语歌
2157694109,瑞典黑手党Swedish House Mafia - 2018 UMF
2154028721,Afrojack-UMF Miami 2018
2154010883,Oliver Heldens-UMF Miami 2018
2154028627,Axwell Λ Ingrosso-UMF Miami 2018
2155259234,DJ Snake 2018 UMF Miami 歌单
2155263788,Oliver Heldens 2018 UMF Miami 歌单
2152720143,励志 | 用音乐助力梦想
2153636066,解春困冲剂 I 一扫疲倦的欧美舒缓小调
2157535809,2018碗叔北京巡演现场歌单
2151892134,暖心少女记
2156118092,MØ’s 90s ᴘʟᴀʏʟɪsᴛ.
2155274785,越 活 越 喪
2139431215,炫迈家族歌单
2130039220,城市记忆瞬间丨谜语一般的内心独白
2125261392,田馥甄最全歌曲正序集
2143259897,『 2018太湖迷笛』
2134203011,每人一首主打歌，每首歌都代表一个人
2142526217,能让你写代码写出拯救世界的感觉
2129548882,滚石唱片精选集
2125763617,BBC | 大本尼磁性朗读 神探夏洛克原声合集
2127481767,Deep House 深邃之韵 性感低频
2136967635,2010-2017百部爱情电影SOT合集
2142462925,「以花为名」唱的都是“甜言蜜语”
2142510316,首尔王朝专属歌单
2146619206,这！就是街舞-最全BGM
2121784814,「男声控」沉醉于深情嗓音 迷失于动感旋律
2132062015,【凹凸世界】雷安(安雷)太太必听的歌单
2148529855,抑郁_丧℡
2141720445,这就是街舞BGM资深舞者音乐 【只精选炸曲】
2140137801,冥無的mmd歌单
2144017551,周杰伦地表最强2 珠海站❤️
2120284920,【台词控】细细品味电影里意味深长的对白。
2131428028,主播吃鸡秀
2125292380,三亚ISY国际电音节
2157493425,「古风」有哪些古风歌，让你循环好久
2153869183,〈离人愁〉好听的古风曲
2155832043,Hey. 约你蹦个迪？
2148979477,霓虹三月
2155526037,Axwell Λ Ingrosso 2018 UMF Miami 歌单
2153589741,【Electro House】电磁脉冲
2153593559,【Dubstep】暗黑轰炸
2150355523,学院江山is rio
2149643838,Wanna Say
2152908972,电影-环太平洋2:雷霆再起|原声大碟
2150227227,盗贼之海战斗BGM.乘风破浪.准备接敌！
2149838391,深夜的歌
2155753435,柔hiphop
2152860994,没 占 有 欲
2152511326,韩‖撩人声线，孤傲的冷淡
2155622760,国内爵士乐手录音
2153717858,华语情歌° | 最痴情的男人像海洋
2154763064,你不知道我多羡慕你特立独行的样子
2152267757,精选电子音乐系列【考试，上班解压必备】
2154531023,History越界
2150732584,《HP寒夜如春》不完全BGM合集
2121994892,异坤iSeeKun
2128999311,NCT分队歌曲(含个人)全收录
2144486641,10分钟带你看完欧美年度最佳榜单
2143076983,2018太湖迷笛首发
2132803609,起风了ヤキモチ合集.
2140532656,你聼過最感人的影视台词是什么？
2140356372,Hardwell On Air Radio
2138938722,Monstercat—Unwind
2142568715,vivo 屏幕指纹手机X21
2137350821,张国荣：颓废、媚态与艺术
2133211569,朱伟的恋练有词2019
2124953469,ISY三亚电音节现场歌单
2121958703,nico唱见-伊东歌词太郎 ふわもこP-ニコニコ
2127406563,PIGFF的歌单
2139625164,像探清水河一样好听的小曲儿~
2146736506,离人愁の今两股痒痒（Cover：李袁杰）
2124725250,EDC 2018•CHINA电音节上海站阵容精选
2142002787,日语对白＆电音 赠我二次元的梦
2148420808,夏日清凉歌曲，耳机党必备歌单！
2148358954,你没听过这些歌，你敢说你蹦过迪？
2145664354,漢語◆日語
2148304249,想在起床的时候感受到清晨阳光的温暖吗？
2142943721,周杰伦2018地表最强香港演唱会(首场)
2145660909,仙女垃圾disco歌单(vlog)
2148563750,兔伶俐呀
2138154214,胡歌 经典影视歌曲特辑
2131514166,B站UP主 唯一音乐小魔王 日推音乐合集
2130334711,「致郁」孤 獨 患 者 的 最 後 掙 扎 。
2130275529,「致喪」你 可 能 中 了 慢 性 毒 藥 。
2130322507,「最甜的歌」把最美好的你定格在时光里。
2136297589,起床铃声 | 室友送来一个毁歌的早晨
2122703724,仙剑奇侠传一 仙剑奇侠传三 电视剧原声带
2124417983,InFun827
2122451681,Hyde 黒ミサ(黑弥撒)2018
2127349000,安溥焦不会_HitFM（每周同步更新中）
2121123444,〖关 于 耳 耳〗
2133594595,因为是东方神起（五人时期）
2129070723,李宗盛，每一首歌都深深击中内心！
2132987324,抖腿 | 国人古风电音(无人声)
2132204726,【起床困难症】拯救你每一个昏昏欲睡的清晨
2129348280,Cytus 2 音乐世界 全收录计划
2136871988,「欧美电子」那些超越原版的超强remix
2138185122,[花样滑冰] 隋文静韩聪滑过的曲子
2136074357,『露娜专辑』露娜月下无限连必备*BGM✔
2138373212,B站拜年祭四大神曲《权九纪秋》
2131594551,红房子舞室官方歌单
2137059853,【天官赐福】世中遇尔，雨中逢花
2148578560,【老E】游戏界最具有代表性的原声合辑
2142690356,一直没问出口的那句话，你还好吗？
2147442653,Turn the fxxking bass up！
2147342359,〖清新电子〗每一个音符都带着热带风
2141987679,°纯电音向超燃动力°电音°
2144264747,【Midtempo】中速重鼓
2143813145,申請 加入 你的 被窩
2142312202,印度磁性男嗓：Vishal Dadlani
2121733142,傲骨之战 第一季
2141560338,不一样的烟火' 张国荣的电影人生
2140323585,霍金与虫洞 • 时空与缝隙
2127308198,焦不會 DJ 安溥 HIT 歌單 Vol. 1
2146699066,「丧」阅 后 即 焚
2144213765,日子将就过 歌可别太丧
2127448870,《小萝莉的猴神大叔》 电影原声
2141801339,世̶ 界̶ 在̶ 下 ̶̶沉 ̶教̶ 徒̶ 在̶̶ 狂̶ 欢
2142423480,『纯·音』初春已至，正是赏花踏青好时节
2148803168,Troye Sivan 在Spotify上喜欢听的歌
2139973555,床，你放开我，不要这样子！
2148619778,LANY Shanghai 2018
2126023132,SnaKeTC-沫子MOzz
2123449612,E3choo
2123519017,【剪辑师必备】煽情催泪 BGM
2137237551,焦不會 DJ 安溥 Hit 歌單 Vol. 2
2132383189,PUBG:伞兵 医疗兵 战地记者 快递员专用BGM
2107161043,【电音控】史上最全纯音乐伍百首
2126280009,《亚特兰大》第二季/Atlanta Season 2
2123956276,橙光游戏『饕餮盛宴』BGM
2123031446,古风男男合唱｜半床花月半床声
2122936806,【第一精品】伤感的纯音乐。
2108295731,设计师想抖腿了听这单
2110369880,东方中文音乐
2115164273,《完整合辑》 美剧 良医 The Good Doctor
2111698780,坤音BC221团综bgm
2116887189,古典舞技巧组合（北舞、桃李杯等）
2065486112,복면가왕/蒙面歌王(韩国原版)
2107133709,【男声控】当天才混音遇见完美男声
2110796206,『英语文学』莎士比亚四大悲剧
2115691962,看万般喜乐纷至沓来
2118708113,八组鹅的减肥歌单
2088950869,STEEP极限巅峰 原声（精选）
2133644271,《温暖的弦》
2143843994,NacleOfficial 的歌单
2120750806,「氤氲雨后」给我来一把肥肠
2151305100,同名异曲|| 误入桃花源 沉醉不知归路
2155758912,腦 失 重
2141689102,edc CHINA☆2018 新电图（参赛作品合集）
2151816466,开门呀 小可爱送温暖
2150374050,Brazilian Bass 异域妖鼓 邪魅低音
2145752150,节奏控×戴上耳机准备起飞
2154872274,Ultra Miami 20th Anniversary
2155501020,Steve Aoki 2018 UMF Miami 歌单
2144889912,【Tropical House】热带风情
2156493764,Axwell /\ Ingrosso UMF Ultra 2018
2145648874,【Future House/Bounce】弹跳金属
2153319364,【Trap】致命陷阱
2155104783,Hardwell 2018 UMF Miami 歌单
2153967788,【Moombahton】异域雷鬼
2154001217,【Drum&Bass】窒息节奏
2145886286,坂本真绫2018ALL CLEAR台湾场list
2147916538,「黑暗系女声控」毒性旋律～深陷灵魂
2142230123,谁会真心待我
2142143737,香港影视原声
2149009571,羊と鋼の森 《剧中使用曲》
2146921485,洗澡时不来哼一首怎么做精致女孩~
2132082232,放开床 让我来
2143843581,『睡眠』『返璞』『纯自然』大自然原声系列
2146691240,「丧」无 心 睡 眠
2131451577,江河万载★逆浪千秋 (含翻唱&伴奏)
2139977518,闺蜜的完美旅行 BGM
2151378338,一只阿正「缓解学习压力」
2148979882,《中文说唱Remix伴奏》
2154536553,SealWu
2146735313,「酷」说 唱
2141475989,华晨宇歌手2018备选歌单（更新中）
2134651255,小鱼和喵喵 歌单每日更新
2142230235,你是我无法触摸的
2152799176,你有一封情书，请查收，谢谢
2150202728,橙光游戏《重生之放过我》歌单
2141437480,2小姐说：乡村歌手也能玩转流行乐
2139088053,联盟召唤师永不退缩！
2153823804,小众民谣：浅浅时光，几许温暖
2155939462,【杂乱精品】那些年我们百听不厌
2146688835,「甜」可 爱 的 歌
2143604742,黄舒骏：Bossa Nova是绿色的
2130827749,林彥俊 All eyez on you
2156172477,❤欧美单循❤沦陷音海，一场心灵的长途跋涉
2140306218,霍金教授的荒岛唱片
2132753653,for♡陈年起司
2140621393,今天中财搬了吗
2156068246,梁sir第二波
2154627333,好人哎喂的视频用曲
2153089864,来日可期的等待化作最长情的告白
2154654858,豆瓣八组鹅专属循环
2141459648,粤语钢琴||琴弥指尖 无词至情
2147930783,瘦死的骆驼比马大
2141152493,Take care!!! 前方是陷阱EDM Trap!!!!!!
2140895458,请问您今天要来点狗粮吗？丨虐狗动画小盘点
2142423561,內★凾★大★军
2110384401,纯音|这是我所珍视的日常 每一刻都值得收藏
2141262943,嘘...听到这哨声你怎么还不起床！
2143858960,斗鱼TV 271934 小波比专属
2151112576,写给天使的晚安曲
2151791930,失眠的朋友圈 | 从未有打烊的念头
2147617886,R&B /// 律动起飞航行手册
2131573247,Party专用|shake it|trap sh!t|电电电!
2121790891,田馥甄
2116614897,『韩语』春天适合樱花，阳光，与最爱的你
2132948616,Unnatural日剧 非自然死亡 歌单
2110666644,『 熱 評 的 都 死 了。』
2075951574,sunny号歌单
2117158251,『这!就是街舞』Lockin嗨爆专场
2139809420,同学，催命闹铃了解一下？？？
2139219183,用这些歌去表白就等着收好人卡吧
2063351734,你18岁时喜欢的人，现在怎么样了？
2122843990,미스티.Misty. 韩剧迷雾.〖03.24版(21首)〗
2131834162,【偶像练习生】音源
2117230470,台湾流行音乐简史六·跨世纪「2000—2004」
2136331786,【Miss渣】KTV终极装腔指南 | 合集
2076007963,一个等待五月天版权的歌单
2140841785,{轻音乐}冬之恋曲--恋冬
2131425909,Favorite light music
2044070603,2017 Best Music丨最难忘的欧美旋律
2130851981,泰国三台2018年48周年台庆Wewillloveyou
2052512322,『古风』江南雨巷油伞渡
2109630946,土木三班陈同学——合集
2132485692,萧亚轩2018巡回演唱会616北京场歌单
2095237832,：（
2128384670,雲 南 边 境 説 唱
2123096983,盘点国外欢乐集锦中那些耳熟能详的BGM/1st
2063367206,8D劲爆环绕耳机震得稀巴烂（欢迎抖友）
2139074996,新锐女声 | 红心列表中的独立景色
2128927151,I Juswanna Chill /// 初春律动指南
2109782854,石头的歌单
2106103190,来来来 ， 恋人KTV了解一下
2080736113,雅思8.5分英语口语听力练习曲（详看描述！
2055959723,来人：听听这些比蜜还甜的小情歌
2096811713,Something Just Like This合集
2078240910,是否，在追逐灯光时迷了路...
2062338816,张杰（全）
2113945278,游戏人生ZERO OST
2047661253,BBC新闻＋TED演讲
2129024487,------------
2088117695,青青青青青青山 、斗鱼歌单
2103315975,The Unit 官方音源全收录
987958198,J.Fla is here !  - 1 Million !!!
2060248245,【英语单词】有翻译 再也不用担心睡不着啦
2071390782,大狗晚安曲
2059217766,台湾流行音乐简史五·怀念「1995—1999」
2078998843,格莱美2018得奖单曲
2121158192,三月
2119704646,烟火里的尘埃（郁欢）看评论哟
2022466257,聚印象绝地求生超神篇歌单
2114746034,Zico's SoundCloud Liked Tracks【持更】
2127659523,第90届奥斯卡金像奖完整获奖名单
2121823915,2018年二月最热新歌TOP50
2128934505,来听听这些青春可爱的少女心事
2119360141,第90届奥斯卡热门影片了解一下？
2051328614,丝绒质感声音集-仿佛晚安前轻吻你的脸颊
2056919606,2018我是歌手张韶涵
2070570596,排位
2025411689,404NTFounD常听(持续更)
2061768980,2018 星巴克春季歌单
2104136054,【B站2018拜年祭】乒乓帝国【单品】
2048789957,不死者之王第二季（overload Ⅱ）
2071506758,核爆神曲系列──十大神曲
2156406806,集合
2156769190,四字谣
2152014622,刷题就是这么简单
2154718544,那些柔软的声音与画卷
2155728677,“  我   愛   你  ”
2153362079,薄荷阅读Miaaaaaaaaaaa
2157316858,Kungs（2018 Ultra迈阿密第1日)
2148173671,『铁一出品』西铁一中音乐人收录(不分排名)
2155930631,Tiësto UMF Miami 2018 歌单
2148457741,老师我可以喜欢你吗/我看过的其他少女漫改
2153244523,Jake Bugg 18巡演
2158002538,最上头蹦迪当当当电音
2141114177,国粤 | 我是无赖，你是怪胎
2157694632,KSHMR UMF Miami 2018 歌单
2155124834,FIRST-CHINA Music Playlist
2155789568,加油吧威基基 OST
2151733590,聊到游戏配乐时，你最先想到哪首？
2155848162,ᴅᴇᴘʀᴇssɪᴠᴇ
2155748836,不能忘记的经典
2155692034,唯美句子与网络流行语擦出的火花（狗头）
2149807688,苑离心
2157662450,Hardwell - Ultra Miami 2018
2155785692,银魂
2148649470,What’s Only To vol.1
2150358544,「村上春树の音乐世界」
2152612245,网易云音乐评论排行榜（评论数过20万）
2157684074,DJ Snake - Ultra Miami 2018
2156915273,Armind (03/26/2018)
2157618941,2018 SHM瑞典浩室黑手党 UMF20周年重聚歌单
2154342745,【青铜秒变王者系列】节奏控福利
2155996637,Tiësto 2018 UMF Miami 歌单
2157447256,土地公张福德
2154527293,難自渡
2154494199,Axwell Ingrosso UMF Miami 2018 歌单
2153983220,Life
2130317402,【BGM】片头LOGO、字幕、转场专用背景音效
2158152215,David Guetta UMF Miami 2018 歌单
2149012383,冲浪摇滚了解一下？
2148673926,德版skam|DRUCK|Skam Germany|GermanSkam
2157646659,Steve Aoki - Ultra Miami 2018
2134636145,少年犯【爱尔兰社会摇】BGM合集
2150788045,你会喜欢的电子音乐
2130275924,聽 聞 青 春，十 言 九 妄。
2136215889,|传统| 北京小曲儿
2145434166,「嗨爆」在宿舍御用的蹦迪歌曲
2152107402,【2017精选】十方的2017年度史诗歌单
2155118749,Hot Hits of Movie Songs…
2156245948,世界10大气势bgm
2157630866,Alan Walker - Ultra Miami 2018
2156638196,✨艺声‖给你宇宙，因为你是星光
2157554762,"POP 3"
2151539739,《给你宇宙》bgm 持更
2157649615,Axwell Λ Ingrosso - Ultra Miami 2018
2158583530,欧美Indie | 春天是彩虹色的吧！
2154559256,-
2157259194,2018.04.30 格莱美音乐节（北京长阳）
2131244282,Tay (my fav top 20)
2157667356,Armin van Buuren - Ultra Miami 2018
2154071144,David Guetta-UMF Miami 2018
2154082976,Steve Aoki UMF Miami 2018 歌单
2155893509,清风拂杨柳，段友处处有。
2157640744,Marshmello - Ultra Miami 2018
2144613811,ONE THIRD强荐：早期Tiësto十首必听曲目
2115572216,果壳-学习不抖腿
2156879994,坂本真綾2018 ALL CLEAR live tour HK
2157050767,风林山火
2155146070,『听歌计划』亨首欢快的歌来拯救你的不开心
2157256550,【徐梦圆】中国电音崛起之路
2136075588,六级英语听力 刷分目标580 
2097479975,蔡徐坤的收藏歌单
2140082330,【TOPCREW】舞室
2158554687,~_^Monday||||
2154135486,Oliver Heldens UMF Miami 2018 歌单
2140733877,这样的串烧    你喜欢吗？
2152674516,狗年歌单
2149952549,本能
2156471527,方 便 一 起 睡 個 覺
2150329081,音乐磁场，经典珍藏
2152853017,NOW That's What I Call Music! 99
2143668718,命 心脏 呼吸♡
2151229397,【电子】戴上耳机食用更佳
2156809453,B10LIVE 4月演出list
2155625233,戒不掉的女声 | 也许是你失眠的帮凶
2151981187,2018上尉歌单
2153612378,20180323谢天笑【那不是我】北京演唱会歌单
2150601728,CreamFields
2154049453,KSHMR-UMF Miami 2018
2156392256,王子奇zaki推歌小王子每日推歌
2147795030,B站用BGM
2157525505,燃
2123409064,尹昉喜欢的那些歌。
2157729481,「ACG」那些萦绕于耳畔的女音~
2157331780,深度睡眠者
2147528206,「拜年祭」
2157604172,「经典原声」此单只应天上有
2154172632,Armin van Buuren UMF Miami 2018 歌单
2155889748,朋克与后朋克Punk and Postpunk
2153460559,电影台词-纯正的美式英语-昆汀为主
2139237992,「三音盒  第1辑 Vol.001 - 010」
2131455452,Migos
2051551940,《阳春白雪》游戏歌单
2156632325,萌犬好聲音
2146821765,2018周杰伦地表最强2珠海正序曲目（网传）
2154502404,氛围音律｜飘渺乐境 梦幻泡影
2157435943,维吾尔丨民族舞ღ必备(uSSuLLuK)
2153584098,红发歌剧唱段选
2156187603,[冰舞]王诗玥/柳鑫宇滑过的曲子
2154420569,天行九歌 原声音乐
2154626486,MV就是加长版微电影丨超长剧情版mv歌曲合集
2157158754,百首芳华：日本男歌手编年史
2152355215,【龙珠战士Z·专属战斗BGM】龙珠粉集结地
2158336028,Marshmello Ultra Miami 2018
2158473029,old school $hit
2137052714,考研路上激励自己的歌(我要去985)
2152174718,2018太湖迷笛一支乐队一首歌
2128789365,薄荷阅读30期-Sophie晚安曲
2139136604,双豹组
2148847808,一曲长歌惊艳了谁的时光
2156050438,那些鲜为人知的民谣Demo
2157357556,‖小马宝莉‖♫♪同人 官方歌曲☼☽
2156700135,【运动向】戴上耳机&开始跑步
2157566223,4月LP 主打future bass
2156032063,Afrojack UMF Miami 2018 歌单
2157639729,Oliver Heldens - Ultra Miami 2018
2158473755,瀚海微歌
2150370981,不容错过的陈雪凝
2142631642,窃格瓦拉 专属
2116084116,教会我弹吉他的十首歌
2150476224,苏汉伟机器人的歌单(๑>ᴗ<๑)
2125475587,蔡徐坤唱过或说过喜欢的或听过的歌
2149849061,听什么歌 都像在唱自己
2145552108,【电音】M82D
